Fold,Accuracy
1,0.12280701754385964
2,0.21052631578947367
3,0.10526315789473684
4,0.15789473684210525
5,0.16071428571428573
6,0.16071428571428573
7,0.17857142857142858
8,0.08928571428571429
9,0.10714285714285714
10,0.10714285714285714
